spot,A,B,C,D,E,F,G,H,I,J
1.764052345967664x0.555962679709798x1,1,0,13,0,4,0,0,0,0,4
0.4001572083672233x0.8924738873315303x1,1,0,0,0,0,0,17,10,0,4
0.9787379841057392x-0.4223148241252707x1,0,0,0,0,3,6,0,8,0,0
2.240893199201458x0.10471402943328433x1,0,0,0,0,2,0,0,0,1,0
1.8675579901499675x0.2280533251240672x1,0,4,0,1,3,0,0,0,0,0
-0.977277879876411x0.20147994670443287x1,3,3,0,0,0,0,7,8,10,0
0.9500884175255894x0.5407735853003902x1,1,5,0,0,0,0,15,0,0,0
-0.1513572082976979x-1.8180776303835695x1,0,0,0,0,1,4,1,2,0,1
-0.10321885179355784x-0.04932407014757259x1,0,0,0,0,0,0,10,8,0,0
0.41059850193837233x0.2390336012467649x1,1,0,0,0,6,0,0,0,0,0
0.144043571160878x-1.0003303489537054x1,0,0,3,0,3,0,5,5,2,2
1.454273506962975x1.67398570701071x1,0,0,0,5,8,0,0,0,0,4
0.7610377251469934x0.16155926723816796x1,0,0,0,1,0,9,0,9,0,0
0.12167501649282841x1.5634047450289295x1,0,0,0,3,0,0,0,10,0,0
0.44386323274542566x-0.7905230218330772x1,0,1,5,0,3,8,0,0,0,0
0.33367432737426683x-0.907300121525327x1,0,0,0,0,0,0,6,0,0,3
1.4940790731576061x0.2242522209656819x1,0,0,12,0,4,0,0,9,0,0
-0.20515826376580087x-1.6786883628286566x1,0,0,1,0,1,0,0,0,0,2
0.31306770165090136x0.21496559062609352x1,0,0,0,0,0,13,0,9,0,0
-0.8540957393017248x0.09721923200291803x1,1,0,0,0,0,0,7,0,8,0
-2.5529898158340787x1.0156652815421012x1,6,0,0,0,0,0,2,0,12,0
0.6536185954403606x0.7010413411650971x1,0,0,0,0,0,0,0,10,0,0
0.8644361988595057x-0.417477349885034x1,0,0,0,1,0,8,0,0,3,0
-0.7421650204064419x-1.0974966547702447x1,0,0,2,0,3,10,0,4,0,0
2.2697546239876076x1.7123052213432965x1,0,0,0,0,0,0,0,0,3,0
-1.4543656745987648x-0.79211502056515x1,0,1,0,0,0,12,1,0,0,7
0.04575851730144607x-1.0455245570694658x1,0,1,0,0,0,0,0,0,0,0
-0.1871838500258336x-1.0848560594614451x1,0,0,0,0,0,0,0,4,0,0
1.5327792143584575x1.1173053155366646x1,0,0,0,0,0,0,0,9,4,4
1.469358769900285x-0.5189002044248521x1,0,0,0,1,0,0,0,8,1,0
0.1549474256969163x-0.7537044661806008x1,0,1,0,0,3,0,6,0,0,0
0.37816251960217356x0.13768982590334733x1,0,0,8,0,0,0,0,9,4,0
-0.8877857476301128x-0.20694471055729102x1,1,0,0,0,0,0,0,7,0,8
-1.980796468223927x-0.6780954607862469x1,3,0,0,1,3,0,1,0,0,0
-0.3479121493261526x0.7539914669784796x1,0,5,0,1,0,0,0,0,9,0
0.15634896910398005x1.0653154920979948x1,0,5,0,2,0,0,0,0,7,0
1.2302906807277207x0.9853175089398669x1,1,5,0,0,0,0,0,0,0,0
1.2023798487844113x0.766919669661199x1,0,0,13,2,0,8,0,10,3,0
-0.3873268174079523x0.4026255311300352x1,0,4,0,0,9,16,0,10,8,0
-0.30230275057533557x-1.775887999961829x1,0,0,0,0,0,0,0,0,0,0
-1.0485529650670926x1.6692508063769687x1,6,0,5,0,0,0,0,0,0,11
-1.4200179371789752x0.30198921035755294x1,3,0,0,2,0,0,0,0,0,0
-1.7062701906250126x0.6081564276006415x1,0,0,0,0,0,0,4,11,0,0
1.9507753952317897x1.1149623229474022x1,0,0,0,0,0,0,17,8,2,5
-0.5096521817516535x1.4333525028819918x1,0,0,0,3,0,17,0,0,0,0
-0.4380743016111864x0.4183980113091925x1,0,0,0,0,0,0,0,0,0,0
-1.2527953600499262x0.4355461592956536x1,0,3,0,0,0,18,0,0,11,0
0.7774903558319101x-0.5992242774597194x1,0,0,7,0,0,0,0,7,2,0
-1.6138978475579515x0.0330897511387602x1,0,2,0,0,5,0,0,8,10,12
-0.2127402802139687x-0.8541612608143545x1,0,0,0,0,3,11,0,6,0,3
-0.8954665611936756x-0.7199405321418947x1,0,1,0,0,0,0,3,0,6,0
0.386902497859262x-0.8935744023141913x1,0,1,4,0,0,8,0,0,2,3
-0.510805137568873x-0.15602389099728736x1,0,0,0,0,6,0,6,0,0,6
-1.180632184122412x1.0490931879200103x1,4,0,0,0,0,0,0,11,0,13
-0.028182228338654868x3.1709747732901796x1,7,0,0,0,12,10,0,0,7,0
0.42833187053041766x0.18949963754791346x1,0,0,0,0,6,0,0,0,4,0
0.06651722238316789x-1.34841308775612x1,0,0,0,0,0,7,0,4,0,0
0.3024718977397814x1.264983329856256x1,0,0,0,0,0,14,0,0,7,0
-0.6343220936809636x-0.3007838764760271x1,0,0,0,0,5,15,0,0,0,0
-0.3627411659871381x-0.660608593976992x1,0,1,3,0,0,0,5,0,0,0
-0.672460447775951x0.2098494779230553x1,0,3,4,0,0,0,0,0,0,8
-0.3595531615405413x-1.2406245995562275x1,0,0,0,0,0,8,0,0,0,3
-0.813146282044454x0.22246316400860677x1,0,0,3,1,0,17,7,0,9,0
-1.7262826023316769x-0.08837552319915497x1,3,0,0,0,0,0,0,8,0,0
0.17742614225375283x0.09837790681547566x1,1,3,7,0,0,0,0,9,0,4
-0.4017809362082619x0.38141625420917086x1,0,0,0,0,9,0,0,10,8,0
-1.6301983469660446x0.0674922572408068x1,3,0,0,0,5,0,0,0,0,13
0.4627822555257742x0.016338084112892493x1,1,2,0,0,0,0,11,0,0,0
-0.9072983643832422x0.2843145189979445x1,2,3,3,0,0,0,0,9,0,0
0.05194539579613895x0.41540062617112683x1,0,0,0,1,0,16,0,0,6,0
0.7290905621775369x-1.0314824603152577x1,0,0,0,0,0,0,6,0,0,0
0.12898291075741067x-1.4299912586854484x1,0,0,0,0,2,0,0,0,2,0
1.1394006845433007x-0.061638052172214755x1,0,0,0,1,0,0,0,0,2,3
-1.2348258203536526x-1.432735489934108x1,1,0,0,0,0,8,0,0,0,0
0.402341641177549x0.08753147092167086x1,1,0,0,0,6,12,0,0,4,0
-0.6848100909403132x0.9387468756823101x1,3,5,5,3,0,0,0,0,10,9
-0.8707971491818818x0.6071116719160459x1,0,0,0,0,0,0,0,0,0,0
-0.5788496647644155x-1.0481704068254731x1,1,0,0,0,3,0,0,4,0,4
-0.31155253212737266x-0.8602624519575188x1,0,0,3,0,0,0,0,0,4,0
0.05616534222974544x0.3283012950007554x1,1,0,0,1,8,0,0,0,0,0
-1.1651498407833565x-0.40129780513351004x1,0,0,0,0,4,0,0,6,0,0
0.9008264869541871x-0.31665529505210693x1,0,1,0,0,0,8,0,0,3,0
0.46566243973045984x0.5969064812479539x1,0,0,0,0,0,0,0,11,5,0
-1.5362436862772237x-0.9872866934576524x1,0,0,0,0,0,11,1,0,0,0
1.4882521937955997x-0.40123470991118243x1,0,2,0,1,2,0,0,0,0,4
1.8958891760305832x-0.8000824760846013x1,0,0,0,0,0,0,6,0,0,0
1.1787795711596507x-1.0431294980353556x1,0,0,0,0,2,0,0,0,0,0
-0.17992483581235091x-0.8570781886711647x1,0,0,0,0,0,0,0,0,3,3
-1.0707526215105425x0.6774621693464117x1,0,0,4,3,10,0,0,10,0,0
1.0544517269311366x0.05182038948242156x1,0,0,11,0,0,0,0,0,0,0
-0.40317694697317963x-0.8791606288350748x1,0,1,0,0,0,0,0,0,4,0
1.2224450703824274x-0.23110160759299653x1,0,0,0,1,0,0,0,9,0,0
0.2082749780768603x-1.6388073071221778x1,0,0,0,0,0,5,0,0,0,0
0.9766390364837128x-0.7333128075836657x1,0,0,7,0,2,6,0,0,1,0
0.3563663971744019x2.149574534867287x1,5,8,0,0,0,12,20,0,0,0
0.7065731681919482x-0.0902438496657506x1,0,0,8,0,0,0,0,0,0,0
0.010500020720820478x0.7316589270303925x1,1,5,8,0,0,0,15,0,8,0
1.7858704939058352x-0.06548837514448298x1,0,3,0,0,0,0,0,0,0,0
0.12691209270361992x0.34816923524180865x1,1,3,0,0,8,15,0,0,0,5
0.40198936344470165x0.663258089679174x1,0,4,0,0,0,14,0,0,0,0
1.8831506970562544x-1.1046165975264708x1,0,0,0,0,0,2,0,0,0,0
-1.3477590611424464x-0.030936257273958937x1,0,0,0,0,0,0,0,0,0,0
-1.2704849984857336x1.5788651944164882x1,0,6,0,0,0,0,0,0,0,0
0.9693967081580112x-0.795500550053291x1,0,0,0,0,2,0,0,0,0,0
-1.17312340511416x-0.5664398537322193x1,1,0,0,0,0,15,0,6,0,7
1.9436211856492926x-0.30769127736700175x1,0,3,0,1,0,0,8,7,0,0
-0.41361898075974735x0.26902407317624666x1,2,0,5,1,7,0,0,0,0,0
-0.7474548114407578x0.5249178636458827x1,2,0,0,0,0,0,0,0,0,10
1.9229420264803847x1.2674116548186567x1,0,0,0,0,0,5,0,0,0,4
1.4805147914344243x0.49949823346865946x1,1,0,13,0,5,0,16,0,0,0
1.8675589604265699x-0.06205312579833403x1,0,3,0,0,3,0,0,0,0,0
0.9060446582753853x1.2591671296108138x1,2,0,0,3,0,0,0,9,0,0
-0.8612256850547025x0.7041110221415822x1,0,0,4,0,0,0,0,0,0,0
1.9100649530990337x-1.4956795162570162x1,0,1,0,0,0,0,0,0,0,0
-0.2680033709513804x2.5263682403559984x1,0,9,7,0,0,0,16,8,9,0
0.8024563957963952x1.7699213881967337x1,0,0,0,4,0,0,0,0,0,0
0.947251967773748x-0.1682142227670741x1,0,0,9,0,4,0,0,0,0,0
-0.1550100930908342x0.37791010173847506x1,0,4,0,1,0,0,12,0,0,6
0.6140793703460803x1.3243587499958391x1,3,0,0,0,0,0,0,10,6,3
0.9222066715665268x-0.17220079269688263x1,0,0,0,0,0,0,0,0,3,0
0.37642553115562943x0.7303517903770194x1,0,0,0,0,9,0,0,0,0,0
-1.0994007905841945x1.1045784735714765x1,0,0,0,0,11,0,0,0,0,0
0.298238174206056x-1.014825907734441x1,0,0,0,0,0,0,0,0,0,2
1.3263858966870303x-0.6023318535828621x1,0,0,0,0,2,0,0,0,0,0
-0.6945678597313655x0.9214083978105813x1,0,5,0,3,0,0,0,0,0,9
-0.14963454032767076x0.4608144771488305x1,2,0,0,0,9,0,0,0,0,0
-0.43515355172163744x0.9237965603139469x1,3,0,0,2,0,0,0,0,0,7
1.8492637284793418x-0.13256801465371804x1,0,0,0,1,0,3,0,0,0,4
0.6722947570124355x-0.289005210954233x1,0,0,8,0,0,0,9,8,0,0
0.40746183624111043x-1.9986394755833727x1,0,0,0,0,0,0,0,0,0,0
-0.7699160744453164x-1.1460004265074433x1,0,0,0,0,0,0,0,0,0,0
0.5392491912918173x0.04706609465849369x1,0,0,9,1,0,0,0,0,0,0
-0.6743326606573761x0.8245572195642364x1,0,0,0,0,11,0,0,10,10,0
0.03183055827435118x0.5311783665356953x1,1,0,7,1,0,0,14,0,0,0
-0.635846078378881x-0.12824197402770202x1,0,2,0,0,0,16,0,0,0,0
0.6764332949464997x-0.27177156649069667x1,0,0,0,0,0,0,0,8,0,0
0.5765908166149409x0.21717963263828013x1,0,0,9,0,6,0,0,9,0,0
-0.20829875557799488x0.07821118109215218x1,0,0,6,1,0,16,10,0,0,0
0.3960067126616453x1.404545514939712x1,0,0,0,0,11,14,19,10,0,0
-1.0930615087305058x0.14644077047824985x1,0,0,0,0,0,0,0,0,0,0
-1.4912575927056055x-1.4812459621972984x1,0,0,0,0,0,0,0,2,0,0
0.4393917012645369x-1.272558135032317x1,0,1,0,0,0,0,0,0,0,0
0.16667349537252904x1.5187593369635801x1,0,0,0,0,13,0,0,0,0,6
0.6350314368921064x-1.1711604614500803x1,0,0,0,0,2,0,0,5,0,2
2.383144774863942x0.7644974530335336x1,0,5,0,0,0,3,0,0,0,6
0.9444794869904138x-0.2683727352093812x1,0,0,9,1,0,8,0,0,3,3
-0.9128222254441586x-0.16975829390248548x1,0,0,0,0,6,16,0,0,8,0
1.117016288095853x-0.1341327827684201x1,0,3,0,0,0,6,11,0,0,3
-1.3159074105115212x1.2213849594591983x1,0,0,0,4,0,0,0,0,0,0
-0.461584604814709x-0.19284182854396467x1,0,0,0,0,0,15,0,0,6,0
-0.06824160532463124x-0.03331928284515295x1,0,3,0,0,0,14,0,0,5,4
1.7133427216493666x-1.5308034973994926x1,0,0,5,0,0,0,0,0,0,0
-0.7447548220484399x0.2066905117080033x1,0,0,3,0,7,0,0,8,0,0
-0.8264385386590144x0.5310425069780597x1,0,0,0,0,0,0,9,0,10,10
-0.0984525244254323x0.23914558065378702x1,0,3,0,1,7,0,0,0,7,0
-0.6634782863621074x1.3978962610867354x1,0,0,0,3,12,0,13,0,0,0
1.126635922106507x0.05517135478023174x1,0,3,11,0,5,0,0,0,0,0
-1.0799315083634233x0.2989774561190176x1,3,0,0,1,7,0,0,0,10,0
-1.1474686524111024x1.648504010268179x1,6,6,0,0,0,0,0,0,12,0
-0.43782004474443403x-1.5500141893581478x1,0,0,1,0,0,0,1,3,2,0
-0.4980324506923049x-0.45582534779936884x1,1,2,4,0,0,14,0,0,0,0
1.9295320538169858x1.4261587520192662x1,0,0,0,5,0,0,0,0,0,0
0.9494208069257608x0.9361291483110824x1,0,0,0,0,0,0,18,0,0,0
0.0875512413851909x0.6783800988404703x1,1,0,0,0,0,16,15,0,0,0
-1.225435518830168x0.8326507394644783x1,0,4,3,0,0,0,0,0,0,13
0.8443629764015471x0.3270662091210221x1,0,3,10,0,0,0,0,0,0,0
-1.0002153473895647x1.6315974275322715x1,0,0,5,0,11,0,11,0,0,0
-1.5447710967776116x0.3777591697307179x1,0,3,0,0,0,17,0,8,0,13
1.1880297923523018x0.23986710589527857x1,0,3,0,1,5,7,0,0,0,0
0.3169426119248496x0.15895867412564327x1,0,3,0,1,0,13,0,0,0,0
0.920858823780819x0.19286395555038602x1,0,0,10,1,0,0,0,0,0,0
0.3187276529430212x-1.1570172808158679x1,0,0,0,0,0,0,0,0,2,2
0.8568306119026912x0.7706730544633433x1,1,0,0,0,0,0,0,0,0,0
-0.6510255933001469x-0.13043973378332732x1,1,2,0,0,0,0,0,0,0,0
-1.0342428417844647x1.821915097860406x1,0,0,0,0,13,0,0,0,0,0
0.681594518281627x-0.07565047058842289x1,0,0,8,0,0,0,0,0,0,0
-0.8034096641738411x0.4209182841756566x1,0,0,0,0,8,0,0,0,0,10
-0.6895497777502005x0.24660218626133443x1,0,3,0,0,7,0,9,0,0,0
-0.45553250351734315x-0.6255570351092533x1,1,0,3,0,0,0,0,0,5,0
0.01747915902505673x0.9921368285185058x1,0,5,8,0,11,0,0,0,0,7
-0.35399391125348395x1.9050636405600176x1,6,0,7,0,0,0,0,0,0,0
-1.3749512934180188x-0.014777219659844777x1,2,0,0,0,0,0,4,7,0,11
-0.6436184028328905x-0.3004787855854223x1,0,0,3,0,5,15,0,0,0,0
-2.2234031522244266x-0.3550287310553741x1,0,0,0,0,3,12,0,7,0,0
0.6252314510271875x-1.8923618933173414x1,0,0,2,0,1,0,0,0,0,0
-1.6020576556067476x-0.17781314370301254x1,3,0,1,1,0,0,0,0,0,11
-1.1043833394284506x0.25099811600832395x1,3,0,0,0,0,0,6,0,0,0
0.052165079260974405x1.0547579251802828x1,3,5,0,0,0,0,17,0,0,0
-0.7395629963913133x0.9600477411499279x1,0,0,0,0,0,0,0,0,10,0
1.5430145954067358x-0.4164990824366925x1,0,0,9,0,2,0,0,0,1,0
-1.2928569097234486x-0.27682299477388833x1,0,0,0,0,0,0,4,0,0,9
0.26705086934918293x1.123905305614439x1,0,0,0,0,11,0,18,0,0,6
-0.0392828182274956x-0.17346389707287913x1,0,0,0,0,0,0,9,0,0,4
-1.1680934977411974x-0.5100295397556169x1,0,1,0,0,4,0,0,0,7,7
0.5232766605317537x1.3925184494342724x1,0,0,0,3,0,0,19,0,0,3
-0.1715463312222481x1.037585667050634x1,0,0,0,0,0,0,0,10,8,0
0.7717905512136674x0.018791791774257802x1,1,0,0,0,0,9,0,0,0,3
0.8235041539637314x-0.5937774477786675x1,0,1,7,0,0,0,0,7,2,2
2.16323594928069x-2.011880319244709x1,0,0,0,0,0,0,0,2,0,1
1.336527949436392x0.5897036055747239x1,0,0,0,0,0,7,0,0,0,4
-0.3691818379424436x-0.8963697225521802x1,0,0,0,0,0,0,0,0,4,3
-0.2393791775759264x-1.962732009140752x1,0,0,0,0,0,0,0,0,1,0
1.0996595958871132x1.584820527349018x1,0,0,0,0,0,10,22,8,0,0
0.6552637307225978x0.6479677910098883x1,0,0,0,2,0,0,16,0,0,0
0.640131526097592x-1.1390081931169653x1,0,0,0,0,0,0,0,5,0,0
-1.6169560443108344x-1.214401382959259x1,0,0,0,0,0,10,0,0,0,0
-0.024326124398935636x0.8709617821716196x1,0,0,8,0,0,16,0,0,0,0
-0.7380309092056887x-0.8779706165358702x1,1,0,0,0,0,12,0,0,0,0
0.27992459904323824x1.2961498675278833x1,0,7,0,2,11,0,0,0,0,6
-0.09815038964295794x0.6164593126261553x1,1,4,0,1,0,0,0,0,0,0
0.9101789080925919x0.5365965205668235x1,0,0,0,2,0,0,15,10,0,0
0.31721821519130206x0.4046954556143003x1,0,0,0,0,0,0,0,0,0,4
0.7863279621089762x0.19145087202391178x1,0,2,0,0,0,0,0,0,3,0
-0.46641909673594306x0.8805111991771105x1,0,0,0,0,0,18,0,0,0,0
-0.9444462559182504x-0.45408036251560513x1,0,2,2,0,5,0,0,0,0,0
-0.41004969320254847x0.08595197343438468x1,0,0,0,0,0,16,0,8,0,6
-0.017020413861440594x0.7519465876771957x1,0,5,0,0,0,0,0,0,0,0
0.3791517355550818x0.5629897185861278x1,0,4,0,0,8,0,0,0,5,4
2.259308950690852x-1.1949868052686603x1,0,0,7,0,0,0,0,0,0,0
-0.04225715166064269x-0.500409667304264x1,0,0,0,0,0,0,0,0,5,0
-0.955945000492777x0.25280350541915453x1,0,0,3,0,0,0,0,0,0,10
-0.34598177569938643x-0.4080147090398969x1,1,0,0,0,0,0,0,6,0,4
-0.4635959746460942x1.7746585609733332x1,0,0,0,0,0,16,0,0,0,0
0.4814814737734622x-0.39315319475411287x1,0,2,0,1,0,0,0,0,0,0
-1.5407970144446248x-0.16221844757669085x1,0,0,0,1,0,0,4,0,0,0
0.06326199420033171x0.7694301781773039x1,0,0,8,1,10,16,15,0,8,0
0.1565065379653756x0.33053274323491577x1,0,3,0,1,8,0,12,10,0,4
0.23218103620027578x-0.14527445720476923x1,0,0,0,0,0,0,10,0,4,4
-0.5973160689653627x-0.7564935288807483x1,0,0,0,0,0,0,0,0,5,4
-0.237921729736007x0.3015140573967662x1,0,0,6,0,0,0,11,0,0,0
-1.4240609089825316x1.0390964403783927x1,5,0,3,0,10,0,0,12,0,0
-0.49331988336219407x0.4790952240982286x1,0,4,0,0,0,0,0,0,0,8
-0.5428614760167177x-0.7781835214561222x1,0,1,2,0,0,0,0,0,5,0
0.4160500462614255x1.7367749569767108x1,0,0,0,3,0,0,0,0,7,4
-1.1561824318219127x-1.4465778900358943x1,0,0,0,0,0,0,1,0,0,0
0.7811981017099934x-1.582685641802789x1,0,0,0,0,0,0,0,0,1,2
1.4944845444913688x0.9605572244572284x1,0,0,14,0,0,6,18,0,0,4
-2.0699850250135325x0.2258404786026901x1,0,0,0,3,0,0,0,0,0,0
0.42625873077810095x-0.5494985463040403x1,0,0,0,0,0,0,0,7,0,0
0.6769080350302455x-1.0985707275553296x1,0,0,0,0,0,5,0,0,0,0
-0.637437025552229x2.320799839280298x1,7,7,0,0,0,0,13,0,0,7
-0.39727181432879766x0.11709087215544195x1,0,0,0,0,0,0,0,0,0,6
-0.13288057758695562x0.5342011708457715x1,0,4,0,0,0,0,0,0,0,0
-0.2977908794017283x0.3178850972381816x1,0,0,0,0,0,16,0,0,0,0
-0.3090129690471222x0.43480795773115793x1,0,4,0,1,0,17,0,0,8,0
-1.6760038063299767x0.5400944605248059x1,0,0,1,0,0,0,0,0,0,0
1.15233156478312x0.7324240097548762x1,0,0,0,0,7,0,0,0,4,0
1.079618592036821x-0.3752224007606727x1,0,0,8,0,0,6,8,0,2,0
-0.8133642592042029x-0.2916419863518446x1,1,2,2,0,0,0,5,0,0,7
-1.466424327802514x-1.7410228083589014x1,0,0,0,0,0,6,0,0,3,0
0.5210648764527586x-0.7803044065015394x2,0,0,0,1,0,5,0,0,2,0
-0.5757879698130661x0.2711127964467149x2,3,0,0,0,0,0,0,0,0,6
0.14195316332077967x1.0450233755026905x2,0,0,9,0,13,12,0,0,0,4
-0.3193284171450952x0.5990395263761841x2,0,0,0,0,10,13,0,9,0,0
0.6915387510701866x-0.34069234387793046x2,1,0,0,0,0,0,0,0,0,0
0.6947491436560059x-1.2631729120851543x2,0,0,3,0,0,0,0,0,0,0
-0.7255973784635843x-2.7773591454274333x2,0,0,0,0,0,2,0,0,0,0
-1.3833639553950554x1.151733974780799x2,0,0,0,5,0,0,0,13,0,14
-1.582938397335082x-0.5892289865101498x2,0,1,0,0,0,0,0,0,0,0
0.6103793791072052x-0.44846500620405927x2,1,0,0,0,0,6,0,0,3,0
-1.188859257784029x0.13157396790806872x2,0,0,0,2,8,12,0,0,0,0
-0.5068163542986875x-1.4055600473918899x2,0,0,0,0,0,0,1,0,2,0
-0.5963140384505081x-0.3497821801115369x2,0,3,0,0,0,0,0,0,0,6
-0.05256729626954629x2.023471949769974x2,0,0,0,0,0,15,0,0,0,5
-1.936279805846507x0.5053869385773427x2,0,3,1,0,7,11,0,0,10,0
0.18877859679382855x0.3592491565134564x2,3,0,0,2,0,0,0,0,6,4
0.5238910238342056x-1.5824944779817585x2,0,0,0,0,0,0,0,0,1,0
0.08842208704466141x2.2436018945826404x2,0,11,0,7,19,0,0,0,0,4
-0.3108861716984717x-1.4227949086263427x2,0,0,0,0,0,5,0,2,0,2
0.09740016626878341x1.9223247554443985x2,11,0,10,6,18,15,0,10,10,0
0.3990463456401302x-2.1150560151878075x2,0,0,0,0,1,0,0,0,0,0
-2.77259275642665x1.4053654387244203x2,0,0,0,0,5,7,0,19,0,0
1.9559123082506942x1.6180542690002255x2,4,0,0,0,11,8,0,6,0,0
0.39009332268792646x-0.8244091213278346x2,0,0,0,0,3,0,6,0,3,0
-0.65240858238702x0.42258037227288275x2,3,5,0,0,10,0,0,0,8,6
-0.3909533751876011x0.547480572104665x2,4,0,6,0,0,0,12,9,0,0
0.49374177734918845x-0.8137944832313059x2,0,1,0,0,0,0,0,0,2,0
-0.11610393903436653x-1.4491176107369304x2,0,1,0,0,0,5,0,0,0,0
-2.0306844677814944x-1.3177173431407654x2,0,0,0,0,0,0,0,2,0,0
2.0644928613593194x0.5410082199598076x2,0,0,0,4,0,0,0,0,0,0
-0.11054065723247261x-0.08511560251940574x2,1,3,0,0,0,0,0,0,0,0
1.0201727117157997x-0.5643010333021604x2,0,0,0,0,0,4,0,0,0,2
-0.6920498477843912x0.9667680111664602x2,0,7,0,0,0,0,0,0,0,8
1.5363770542457977x0.5080679093914777x2,1,0,0,0,0,0,0,0,0,0
0.28634368889227957x-0.7554627263656334x2,0,0,0,1,0,6,0,0,0,2
0.6088438344754508x-1.2012015190173893x2,0,1,0,0,0,0,5,3,1,0
-1.0452533661469547x0.5232617386880769x2,0,0,0,0,10,15,8,0,10,0
1.2111452896827009x-0.5375833685580619x2,0,0,0,1,0,0,9,0,0,2
0.6898181645347884x0.09920486253150243x2,1,0,8,2,7,0,13,0,0,2
1.3018462295649984x1.5762989726277177x2,0,0,15,0,0,0,24,0,6,3
-0.6280875596415789x0.5023282400747796x2,0,0,0,0,0,0,12,7,0,6
-0.4810271184607877x-0.8622669997532367x2,0,0,0,0,0,8,4,0,0,0
2.303916697683942x0.16066118981977281x2,1,4,0,0,0,2,0,0,0,4
-1.0600158227215473x-0.9526449528153877x2,1,0,1,0,0,0,0,0,5,0
-0.13594970067832082x1.6085221559487237x2,0,0,0,6,0,0,0,0,0,0
1.1368913626026953x-0.5615787496032209x2,0,1,0,0,0,0,0,5,0,0
0.0977249677148556x0.20727074697361864x2,2,4,6,0,8,0,0,0,0,0
0.5829536797532936x0.307732574679432x2,0,0,0,2,9,9,15,0,4,0
-0.3994490292628752x0.15925046837370244x2,0,0,0,1,9,0,10,0,7,6
0.37005588784751875x-1.9585489551365387x2,0,0,1,0,0,0,1,2,0,0
-1.3065268517353166x-1.4464210639833286x2,1,0,0,0,0,0,0,2,0,3
1.658130679618188x-0.4523502755690917x2,0,0,8,0,0,3,0,0,0,0
-0.11816404512856976x0.31943183333153063x2,2,5,0,0,9,0,0,8,0,0
-0.6801782039968504x-0.13777921428577067x2,2,0,3,0,0,11,0,0,0,0
0.6663830820319143x-0.9571474731510168x2,0,1,0,0,0,0,0,0,2,2
-0.4607197873885533x-1.348424319121701x2,0,0,0,0,0,0,2,2,2,0
-1.3342584714027534x-0.4015575444993436x2,1,2,0,0,4,10,0,0,0,0
-1.3467175057975553x-0.46847604467972315x2,1,2,0,0,4,10,0,5,0,0
0.6937731526901325x0.5128364575927566x2,3,0,0,0,0,0,0,0,0,2
-0.1595734381462669x-0.3263184621583181x2,1,0,0,0,5,10,0,0,0,0
-0.13370155966843916x0.6027076564293296x2,0,0,7,3,10,0,15,9,8,0
1.0777438059762627x-0.5946497697204054x2,0,1,0,0,2,4,8,0,0,0
-1.1268258087567435x-0.2559576692142683x2,0,0,0,0,0,11,0,0,0,0
-0.7306777528648248x-0.3480463796426194x2,0,0,0,0,0,0,0,5,0,6
-0.38487980918127546x-0.7823669669020897x2,0,0,2,0,0,0,5,4,0,0
0.094351589317074x0.6251186564337302x2,0,0,0,0,0,0,0,0,0,5
-0.042171451290578935x-0.813595997094507x2,0,0,0,0,3,0,0,0,0,0
-0.2868871923899076x-0.521641509970619x2,0,0,0,0,4,0,7,0,4,0
-0.0616264020956474x-0.07311964594819724x2,0,0,0,0,0,11,10,0,0,4
-0.10730527629117469x-1.2973796559567399x2,0,0,0,0,0,5,0,3,0,2
-0.7196043885517929x-0.3249349583204991x2,0,0,3,0,5,0,0,0,5,0
-0.8129929885540773x-0.7113063597427886x2,1,2,0,0,0,9,0,0,5,4
0.2745163577239395x-0.3881541924822496x2,0,0,5,0,4,0,0,0,3,2
-0.8909150829955279x-0.05992800267109062x2,0,0,0,0,0,0,0,7,0,0
-1.1573552591908536x-0.7999136231406647x2,1,0,1,0,0,0,3,0,5,0
-0.3122922511256933x-0.2200757798203556x2,1,0,0,1,6,0,0,0,0,0
-0.1576670161638159x1.3086687523521792x2,7,10,8,0,15,0,20,10,0,0
2.2567234972982093x-0.02579855825448711x2,0,0,0,0,0,1,0,5,0,0
-0.7047002758562337x1.1452621730192247x2,0,0,0,0,13,0,0,0,12,0
0.9432607249694948x0.3464944420067607x2,0,0,0,0,0,0,16,0,0,0
0.7471883342046318x0.7741606098188164x2,0,0,0,0,0,10,0,0,0,0
-1.188944955203736x-0.7744589687708259x2,0,0,0,0,3,0,0,0,0,5
0.7732529774025997x0.10490716508551272x2,1,0,0,0,0,8,0,0,4,0
-1.1838806401933177x0.1339129226154759x2,0,4,0,0,0,0,0,0,0,8
-2.659172237996741x-0.6126257388749357x2,4,1,0,0,0,0,0,6,0,0
0.6063195243593807x-0.8228283242942818x2,0,0,0,0,0,0,0,4,0,0
-1.7558905834377194x-1.4902653879072982x2,0,0,0,0,0,5,0,0,0,0
0.45093446180591484x1.496139636951632x2,0,10,0,6,0,0,24,0,8,0
-0.6840108977372166x-0.9724028893524976x2,0,1,0,0,3,0,0,0,0,0
1.6595507961898721x1.3462210732223001x2,0,8,0,0,11,0,23,0,5,0
1.068509399316009x-0.4674931736578535x2,0,0,0,0,0,4,0,5,2,0
-0.45338580385138766x-0.8624932997247339x2,0,0,0,0,3,0,0,0,0,0
-0.6878376110286823x0.6225191403049977x2,0,6,0,0,10,14,0,0,0,0
-1.2140774030941206x-0.6311919417468571x2,0,0,0,0,0,10,0,5,0,0
-0.4409226322925914x0.5684589189242769x2,0,0,0,0,0,0,12,0,0,0
-0.2803554951845091x-0.3328117648522096x2,0,3,0,0,5,10,0,0,4,4
-0.3646935443916854x0.48042449611778676x2,0,0,0,2,0,0,0,0,0,0
0.15670385527236397x-0.9681860639071049x2,0,0,0,0,0,0,0,0,0,0
0.5785214977288784x0.8313510579847683x2,0,0,0,0,11,10,0,9,6,3
0.349654456993174x0.4879726826630046x2,0,6,9,0,10,0,0,0,0,3
-0.764143923906443x-0.9196506900626618x2,0,0,0,0,3,0,0,0,0,0
-1.4377914738015785x2.6429357210147417x2,0,0,0,8,15,11,0,15,0,0
1.3645318481024713x0.540123026400494x2,1,0,0,0,0,0,0,0,3,0
-0.6894491845499376x2.2904670705305388x2,0,0,0,0,19,0,0,14,0,0
-0.6522935999350191x1.6002678187487591x2,0,0,0,5,0,0,0,0,0,9
-0.5211893123011109x-0.1888347802177838x2,0,0,0,0,7,0,0,0,0,0
-1.8430695501566485x-0.4122717546045429x2,0,0,0,1,0,0,0,0,7,8
-0.4779740040404867x-0.4034591834208012x2,0,0,0,0,0,10,0,0,5,0
-0.47965581400794766x-1.8300285504278102x2,0,0,0,0,0,0,1,0,1,0
0.6203582983435125x-0.6958351193495473x2,0,0,0,0,0,0,0,5,2,0
0.698457149107336x0.24676602397997058x2,1,0,0,0,0,0,0,7,4,0
0.00377088908626934x1.5259575608848084x2,7,11,0,0,0,0,0,0,0,0
0.9318483741143037x-0.7727718829782021x2,0,1,0,1,0,0,6,0,0,2
0.339964983801262x0.8820565993630106x2,5,0,0,0,0,0,0,9,0,0
-0.01568211160255477x-1.252593341503319x2,0,0,0,0,0,0,0,3,0,0
0.16092816829822298x-0.5863200252111324x2,0,0,0,1,0,7,0,0,3,0
-0.19065349358139935x-0.45764059428952597x2,1,0,0,0,0,0,0,5,0,3
-0.3948495140334503x0.3718110814974935x2,0,5,0,0,0,0,0,8,0,6
-0.26773353689396645x0.45730964672081126x2,3,5,0,0,10,0,0,0,7,0
-1.1280113314700069x0.9623417448143452x2,0,0,0,0,12,0,0,0,0,0
0.280441705316296x0.7708369604049367x2,3,0,0,0,0,12,19,0,0,0
-0.9931236109295807x0.24316821540249173x2,0,4,4,0,0,0,7,0,0,0
0.8416312640736364x0.3903649435086224x2,2,5,0,0,8,0,0,7,0,0
-0.24945858016094885x1.5885306910975325x2,8,11,0,0,17,0,20,11,0,0
0.04949498165009074x-0.5109261812322631x2,0,0,0,0,4,0,0,5,0,0
0.49383677628095635x0.7747283190671621x2,0,0,0,0,0,12,19,9,6,0
0.6433144650629279x-1.8081439264982515x2,0,0,2,0,0,0,1,2,1,0
-1.5706234086334527x0.4113342428976086x2,0,4,0,0,8,12,0,0,0,0
-0.20690367616397173x-0.4832495424791074x2,0,0,0,0,0,9,0,0,0,0
0.8801789120807822x0.002571182431510025x2,0,4,0,0,6,0,13,0,3,2
-1.6981058194322545x1.0400862450537032x2,0,0,0,0,0,0,7,0,0,0
0.3872804753950634x0.16464380952639762x2,0,0,8,0,9,0,0,8,4,0
-2.2555642294021894x0.8851875412089273x2,0,0,0,6,0,10,0,15,0,0
-1.0225068436356035x1.4737648151384048x2,0,0,0,0,0,0,13,0,0,0
0.0386305518401881x0.38909396886572056x2,0,0,0,2,0,13,0,0,0,0
-1.6567151023219537x1.1710410646204883x2,0,6,2,6,10,0,0,0,0,0
-0.9855107376841507x-0.3265609776792077x2,0,0,0,0,0,0,4,0,0,0
-1.4718350074635869x-0.008209882269614045x2,0,0,1,0,6,0,0,0,0,9
1.6481349322075596x-0.522619416398478x2,0,0,7,0,0,0,7,0,0,0
0.16422775548733395x1.042977594646376x2,0,0,0,0,0,0,0,0,0,4
0.5672902778526694x0.4140913537935951x2,3,0,0,0,0,0,0,0,0,3
-0.2226751005151545x-0.5072344618949226x2,0,2,3,0,4,9,7,5,0,0
-0.35343174875719907x0.1546688336463322x2,0,0,0,0,0,0,0,7,0,0
-1.6164741886510325x1.0415683888185818x2,0,5,0,0,0,0,0,0,0,0
-0.2918373627478628x-0.039267991037953184x2,1,0,0,0,0,11,0,7,0,0
-0.7614922118116233x-0.9489328108497634x2,0,1,2,0,3,0,0,3,0,0
0.8579239242923363x0.1319117557874122x2,0,0,0,2,7,0,13,7,3,0
1.1411018666575734x-1.9805655910689397x2,0,0,0,0,1,1,1,0,0,0
1.4665787155741776x0.768770644399475x2,0,0,0,5,0,0,19,0,0,0
0.852551939461232x-0.4213275873246805x2,0,0,0,0,0,6,0,5,0,0
-0.5986539369229861x-0.46931073627910674x2,1,0,0,0,0,0,0,5,0,0
-1.1158969859603944x0.8756956787795067x2,0,0,0,0,0,0,0,0,0,0
0.7666631816450861x-1.3651628772251687x2,0,0,0,0,0,3,0,3,1,0
0.3562928174722889x1.9470986428203578x2,0,0,0,7,0,16,0,0,0,0
-1.7685384506770307x-0.4802420417382233x2,2,0,0,0,3,0,2,0,6,8
0.35548179274376907x-0.5232509433848951x2,0,0,0,0,4,0,0,0,0,0
0.8145198224878664x1.021224743167163x2,0,6,11,0,0,0,0,8,0,0
0.05892558918162996x0.7086952731104266x2,0,0,8,0,0,0,0,0,0,0
-0.18505367100934153x2.451229719075076x2,0,0,0,0,19,0,0,0,12,0
-0.8076484876163557x-0.21120598363152x2,0,0,0,0,0,0,0,7,0,6
-1.4465346995633879x-0.12040663866440973x2,3,0,0,0,0,0,0,0,7,0
0.8002979493400275x-1.4793159799632536x2,0,0,0,0,0,0,0,0,0,0
-0.3091144447717088x-0.33210227734882514x2,0,0,0,0,0,0,0,0,0,0
-0.23346666154369272x-0.7214312955717558x2,0,2,0,0,0,8,0,0,0,2
1.7327211869191332x-0.44876701310549916x2,0,0,8,0,0,0,9,0,0,2
0.6845011068591904x-1.7441877565539552x2,0,0,0,0,0,0,2,0,0,0
0.3708250012811021x1.660607559894514x2,8,0,13,0,0,0,0,10,9,0
0.14206180518723566x-1.4166034824256406x2,0,0,0,0,0,0,0,3,1,1
1.5199948607657727x-2.802202798391713x2,0,0,0,0,0,0,0,0,0,0
1.7195893074161945x-1.1884244215830193x2,0,1,0,0,1,0,0,0,0,0
0.9295051114795281x-0.603839552796151x2,0,0,5,0,3,5,0,5,0,0
0.5822245913979243x-1.1495540632571182x2,0,0,0,0,0,0,5,4,0,1
-2.0946030712061448x1.0983035407325124x2,6,0,1,6,0,12,0,0,0,17
0.12372191423350658x-0.13783917859609385x2,0,3,0,0,0,0,0,0,0,2
-0.130106954193704x0.025385604406458987x2,0,0,6,1,8,0,10,0,0,0
0.09395322938556872x0.6103917643054128x2,0,0,8,0,0,13,0,0,0,5
0.9430460873225178x0.28601252697811796x2,0,4,9,0,0,7,0,0,0,0
-2.7396771671895563x0.978567297446043x2,0,0,1,0,0,0,0,0,11,19
-0.5693120534701851x-1.1094775536361452x2,0,1,0,0,0,0,0,0,4,0
0.26990435494076137x-0.5475181006794317x2,0,0,4,0,0,7,7,0,0,0
-0.4668455460527625x0.6659671460695378x2,0,0,6,3,11,14,0,9,0,0
-1.4169061131262595x-2.53455446208423x2,0,0,0,0,0,0,0,0,0,1
0.8689634868967954x-1.3751844793172407x2,0,1,0,0,0,0,4,0,0,0
0.27687190584612803x0.5009922321799466x2,0,0,0,2,0,0,16,0,0,4
-0.9711045704444846x-0.48024903499492544x2,1,0,0,0,0,0,0,0,0,0
0.3148172045158238x0.9361075501096976x2,5,0,0,0,0,0,20,0,0,5
0.8215857120497958x0.8091802968531627x2,3,0,11,0,0,0,21,0,0,2
0.005292646299360854x-1.1980928801910382x2,0,0,0,0,0,0,0,0,0,1
0.8005648034309968x0.4066570874668812x2,0,5,10,0,8,0,0,0,0,0
0.07826017516166135x1.2016978556675064x2,7,0,0,0,15,0,0,0,0,0
-0.39522898265435435x0.1474344016509719x2,3,0,0,0,0,0,0,7,0,0
-1.159420516399913x-0.9774648772458692x2,1,0,0,0,0,0,0,0,0,0
-0.08593076697161273x0.87938994191337x2,5,7,8,0,13,0,0,9,9,5
0.19429293804577166x0.6354245265539955x2,3,7,0,2,0,12,17,9,0,5
0.8758327615873309x0.5426107834987963x2,3,5,10,0,8,0,0,7,0,2
-0.11510746848722672x0.7159388934369917x2,0,0,0,3,0,14,0,0,0,0
0.4574156062209908x-2.994612860227619x2,0,0,0,0,0,0,0,1,0,0
-0.9646120137337284x0.8809375610809715x2,0,0,0,0,12,0,0,0,0,9
-0.7826291558275251x1.8081318105789754x2,0,0,0,6,0,0,0,0,0,9
-0.11038929902688775x0.436638474629293x2,0,0,7,0,9,0,13,8,0,0
-1.0546284639850139x0.19272899649972683x2,0,0,0,0,0,0,0,0,0,0
0.8202478373246812x0.6964386733914393x2,0,0,0,0,0,0,0,0,0,0
0.4631303293186071x0.3382254736851153x2,0,0,0,0,9,0,0,8,0,3
0.2790957643924534x0.651781261700616x2,0,0,0,0,11,0,0,0,7,0
0.33890412521594454x0.0014710002454108063x2,0,3,7,1,6,0,0,0,4,0
2.0210435614847975x-0.7667048545369003x2,0,0,6,1,0,0,0,4,0,2
-0.46886418796679563x-1.0043227122146134x2,0,0,2,0,0,0,0,3,4,0
-2.201441285500558x-0.9981917282318641x2,0,0,0,1,0,0,0,0,0,0
0.1993001968964652x-1.3730425509508952x2,0,0,2,0,2,0,3,0,0,0
-0.050603540961665895x-1.0677420110191065x2,0,0,2,0,0,6,0,0,0,0
-0.5175190425104033x1.761266127419863x2,0,0,8,6,0,0,0,0,0,0
-0.9788298593587699x0.7540956636562427x2,0,0,0,0,0,0,0,0,0,0
-0.43918952180214793x-0.6250273906846713x2,0,0,0,0,0,9,5,0,0,4
0.18133842921782128x-0.3903926939855081x2,1,2,0,0,4,0,0,0,3,0
-0.5028167006425383x0.11255753090645429x2,0,0,0,1,0,13,9,0,0,0
2.4124536795437486x-0.6555450294843581x2,0,2,0,0,0,0,0,3,0,0
-0.960504381633148x0.06751685717432486x2,3,0,3,0,0,0,0,0,0,0
-0.7931173627076716x0.777604137902912x2,0,0,0,0,0,0,0,0,0,9
-2.2886200400145285x-0.035742733548173485x2,0,0,0,0,0,0,0,0,0,0
0.251484415021537x0.33601574266199213x2,0,0,0,0,10,0,0,0,0,3
-2.01640662779976x0.8864915393596159x2,0,4,0,5,0,11,0,0,0,0
-0.5394546333745014x-0.2721317560182082x2,0,3,0,1,5,11,0,0,6,0
-0.27567053456055696x0.28479059913436316x2,0,0,6,0,9,0,0,0,7,5
-0.7097279658468882x-0.30937759288336136x2,0,0,0,0,5,0,0,0,5,0
1.738872677454511x-0.0285288698344164x2,0,3,9,0,3,0,0,5,0,3
0.9943943913154989x-0.32473026508296x2,0,0,7,1,0,0,0,0,0,0
1.3191368763015756x-0.5288698535561153x2,0,0,0,1,3,0,0,0,2,3
-0.8824188185499185x0.17371185298702344x2,0,4,4,0,9,0,7,0,0,8
1.1285940645145685x0.5665453158182124x2,0,0,0,0,0,0,0,7,3,0
0.4960009463439622x0.14630444600104425x2,0,0,8,0,0,9,0,0,0,0
0.7714059486768455x0.498726958311932x2,0,0,0,3,0,0,17,0,0,0
1.0294388287827672x-0.7379317802412299x2,0,0,0,0,0,0,6,0,2,0
-0.9087632459590531x-1.2037351921997794x2,1,0,0,0,0,6,0,0,3,0
-0.4243176209779015x0.41704350296760356x2,4,0,0,0,0,0,12,0,0,0
0.8625960113284511x0.6878813911747546x2,0,5,11,0,0,0,18,7,0,0
-2.655619092974933x0.04985726659982265x2,0,0,0,0,0,0,0,10,0,0
1.5133280825732052x1.3480357804247187x2,4,0,0,0,0,0,0,8,5,0
0.553132064207584x0.9076987979878987x2,4,0,0,0,11,0,20,0,0,0
-0.045703960660234855x2.6805708407690005x2,14,0,0,0,0,0,21,0,0,0
0.2205076557571733x-0.20080851399566557x2,0,0,5,0,6,0,0,0,0,2
-1.0299352833089765x-0.9988487960953681x2,0,1,0,0,0,0,0,0,4,4
-0.34994336458910474x-0.7401367907395136x2,0,2,3,0,4,9,5,0,0,0
1.1002843382203737x-0.5654978063746563x2,0,0,0,1,0,0,0,0,0,2
1.2980219723262212x0.4760313834381145x2,0,4,0,0,7,5,0,7,0,0
2.6962240525635797x-2.158068563961257x2,0,0,0,0,0,0,1,1,0,1
-0.07392466628041514x1.3185510180908366x2,0,0,0,0,15,0,0,9,10,0
-0.6585529668050037x-0.23929659114234414x2,2,0,3,0,0,11,6,6,6,0
-0.5142339659399888x-0.24679355778875178x2,2,0,0,0,0,11,0,6,6,6
-1.0180418752873648x-1.0793431660249952x2,0,1,0,0,0,0,0,0,0,4
-0.07785475594085076x-0.11422555145018021x2,1,3,5,0,7,0,0,6,5,0
0.38273243001226814x0.013239767667533552x3,0,0,0,2,6,0,0,0,0,0
-0.03424228053195387x-0.12194492760027727x3,0,0,4,1,6,0,0,4,0,0
1.0963468456657985x0.3390592559424304x3,0,4,7,0,0,0,0,4,0,1
-0.23421580134453654x-0.5896320419510298x3,0,0,0,0,3,0,0,0,2,0
-0.3474506524985633x-0.8958157604108271x3,0,0,0,0,0,0,4,0,0,0
-0.5812684768603252x0.5483281304979799x3,4,0,3,0,9,8,10,0,7,0
-1.6326345262344952x0.09866745381579567x3,0,0,0,0,5,0,0,7,0,0
-1.567767724308454x0.1971810551973674x3,0,3,0,0,6,0,0,7,0,7
-1.1791579306376878x1.0590272544419663x3,0,0,0,0,0,10,0,0,0,0
1.3014280716647608x-1.0225643912606857x3,0,0,0,0,1,1,4,2,0,1
0.8952602728899299x-0.8552404572508642x3,0,0,3,0,0,2,0,0,0,0
1.3749640663929898x1.2572196508289941x3,0,0,12,0,0,0,19,5,0,0
-1.3322116545945017x-1.4828833575740425x3,0,0,0,0,0,2,0,0,0,1
-1.9686246897860202x-1.3094121463310142x3,1,0,0,0,0,2,0,0,2,0
-0.6600563201340829x0.8178618311849958x3,0,0,4,0,0,0,0,0,9,0
0.175818953296028x0.23820019202203863x3,0,0,5,0,0,0,0,4,4,0
0.4986902749098275x0.10523213705927585x3,0,0,0,2,0,0,0,0,3,1
1.0479721559680528x-0.09165940810038319x3,0,3,0,0,4,0,0,0,2,0
0.2842796708072146x0.03126754702756948x3,0,0,0,2,0,0,0,0,3,0
1.7426687806556311x-0.09211211469195592x3,0,0,0,0,3,0,0,0,0,0
-0.22260568094832048x1.3554427025944182x3,0,10,0,0,0,13,0,0,0,0
-0.9130792180417964x-0.3981481287500751x3,0,0,0,0,0,0,0,0,0,0
-1.6812182154944335x-0.16137353627777917x3,3,0,0,2,4,5,0,6,0,6
-0.8889713580954499x1.7944488052250736x3,13,0,4,7,0,0,0,12,11,9
0.242117960985123x0.0275097020298358x3,0,0,4,0,0,6,0,3,0,0
-0.8887202573536308x2.2320163895251777x3,0,0,4,0,19,0,0,0,0,0
0.9367424635352571x-0.10497970101895356x3,0,0,0,0,0,4,0,0,0,0
1.412327706037443x1.3674149824601585x3,0,0,0,0,11,9,0,0,0,0
-2.369586905226603x-1.6553440383096778x3,1,0,0,0,0,0,0,0,0,0
0.8640523004976479x0.15364446081566638x3,1,0,0,0,6,0,0,4,0,0
-2.2396040586617367x-1.5844735631509355x3,0,0,0,0,1,2,0,0,1,2
0.4014990550902875x0.8444543066045863x3,0,0,0,0,0,0,0,0,0,0
1.2248705641936597x-1.2128678162090247x3,0,0,0,0,0,0,0,0,0,0
0.06485610634357618x0.2837695543833455x3,3,4,0,0,0,0,0,0,0,2
-1.2796891732042395x-0.2821958766904351x3,0,2,0,2,0,5,0,0,0,0
-0.5854312042777726x-1.1582031851840289x3,0,1,0,0,0,0,2,0,0,0
-0.2616454457109007x-1.6193599828975425x3,0,0,0,0,0,2,0,0,0,0
-0.18224478378994294x-0.5110404635801098x3,1,0,0,1,3,0,5,0,0,1
-0.20289684076666706x1.7406294458953309x3,0,0,7,0,0,14,0,9,0,0
-0.1098827793093138x-0.2934850548893775x3,1,0,3,0,0,0,7,0,0,1
0.2134800489101689x0.917221542115856x3,0,0,0,0,0,10,0,0,6,0
-1.2085736537332212x-0.05704286766218815x3,0,0,0,0,6,5,0,0,0,0
-0.2420198298702195x0.8767267736904524x3,0,0,0,3,0,0,13,0,0,0
1.5182611703557054x-1.8269113783045177x3,0,0,0,0,0,0,0,0,0,0
-0.38464542314251776x-0.40318830684953333x3,1,2,3,0,0,0,0,0,3,0
-0.4438360931551978x0.9494055237932187x3,6,0,0,0,0,0,0,7,0,5
1.0781973037142378x-0.16325494883317873x3,1,3,5,0,0,4,0,0,0,0
-2.5591846663440965x-0.08645528271104713x3,0,0,0,0,0,0,0,0,0,0
1.1813786012882859x-0.43046191188579297x3,0,0,4,0,0,0,7,2,0,0
-0.6319037580051673x1.149379383367124x3,0,0,4,4,12,0,0,0,0,0
0.16392857245258663x0.2975143539549459x3,0,4,0,2,0,0,0,0,0,0
0.09632135592119682x0.04402227617534797x3,0,0,0,0,0,0,0,0,0,0
0.9424681192203938x0.6430545453392927x3,3,0,0,0,0,7,0,0,4,0
-0.2675947462353477x0.5882249291179367x3,0,0,0,0,9,0,0,0,6,0
-0.6780257815644504x0.2125870464375366x3,0,4,3,2,7,8,0,4,0,0
1.2978457906510987x1.5470314969908445x3,0,0,0,0,0,11,0,6,0,1
-2.36417381714118x-0.06028753363911904x3,0,0,0,0,3,0,0,0,0,0
0.02033418170524325x0.278081047967944x3,0,4,0,3,7,0,0,6,0,0
-1.3479254226291204x-0.6429525533528905x3,0,1,0,0,0,0,3,0,3,0
-0.761573388256559x0.1501152270061292x3,0,0,0,0,0,0,6,4,0,0
2.011256681463137x1.5877615237453675x3,0,0,0,10,0,0,0,0,0,0
-0.044595426455857026x-0.6432576017887388x3,1,0,0,0,0,0,4,0,0,1
0.19506969715138117x-1.1335928256384589x3,0,0,0,0,0,0,0,0,1,1
-1.7815628557055914x0.9967596428198156x3,7,0,2,0,0,7,0,0,0,0
-0.7290446587946957x-0.14876615223367926x3,0,3,0,0,0,0,0,4,0,0
0.19655740072878491x0.09600420496977001x3,0,0,0,0,0,6,10,3,0,0
0.3547576931132181x-0.045113303693334814x3,1,0,0,0,0,6,0,0,0,0
0.6168865543932788x0.07912172392953508x3,2,4,5,0,0,5,0,0,0,1
0.008627898917576322x0.8505306835234382x3,0,0,0,0,0,10,15,7,0,0
0.5270042084546597x-0.8391241905992737x3,0,0,0,0,0,0,0,0,0,1
0.453781912635684x-1.0117740841054885x3,0,0,0,0,0,3,0,0,0,0
-1.8297404110045314x0.08496813703770767x3,0,2,0,0,0,0,0,6,0,7
0.03700572191014953x-1.6064396894498327x3,0,0,0,0,0,0,1,1,0,0
0.7679024077327037x-1.3730535360419285x3,0,0,0,0,0,0,0,0,0,0
0.5898798207345195x1.866683148331627x3,0,12,0,0,18,0,0,8,8,0
-0.3638588099707899x0.7574683300614039x3,0,0,0,3,11,0,0,0,0,0
-0.8056265075393678x-0.010056471869014538x3,2,3,0,2,0,7,0,0,5,0
-1.1183119243216322x1.2380069359584398x3,9,0,0,5,12,9,0,0,10,0
-0.13105401154141233x-1.040599230085145x3,0,0,0,0,0,0,3,0,2,1
1.133079879559722x-0.3156031233858582x3,1,0,0,0,0,4,0,0,0,0
-1.951804101481602x0.6234536094243824x3,0,3,0,0,0,0,0,0,0,11
-0.659891729729498x0.8906716814313947x3,6,0,4,0,0,0,0,0,0,0
-1.139802455426774x0.5129168468277764x3,0,0,0,0,0,0,7,0,7,0
0.7849575212405001x-2.5412388076882246x3,0,0,0,0,0,0,0,0,0,0
-0.5543096265713009x-0.968082117664578x3,0,0,0,0,2,0,0,1,2,0
-0.4706376581547914x0.47706809235686526x3,0,0,0,0,0,0,10,0,6,0
-0.216949569936649x-0.35595149304680634x3,0,0,0,0,4,6,0,0,0,0
0.4453932508947973x2.5402316207591715x3,18,0,0,0,0,0,0,0,0,2
-0.39238899814963674x0.9265583009670965x3,0,0,6,0,13,10,0,0,0,0
-3.0461430547999266x0.5580818806186658x3,0,0,0,0,2,0,0,11,0,0
0.5433118913875197x-1.1169495537467236x3,0,1,0,0,0,0,4,0,1,0
0.43904295767204254x-0.03529673960291556x3,0,0,4,2,0,0,10,0,0,0
-0.21954102833121325x0.24120396421895252x3,0,4,0,0,0,0,0,6,5,0
-1.0840366206719345x1.1277836301278024x3,9,0,3,0,0,0,0,0,0,8
0.3517801106813583x0.8811310970996323x3,0,8,0,0,0,0,0,6,0,0
0.37923553353558676x1.0329891945199456x3,7,8,0,5,0,0,17,0,0,2
-0.4700328827008748x-0.923912015810002x3,0,0,0,0,0,0,3,0,0,0
-0.21673147057553863x1.4121516982986309x3,0,10,0,0,15,0,0,0,0,5
-0.9301565025243212x-1.3804307523072692x3,0,0,0,0,0,0,0,0,0,0
-0.17858909208732915x-0.5359145616661618x3,1,2,3,1,0,5,0,3,0,0
-1.550429345083481x0.43077113494564145x3,0,0,0,0,6,8,0,0,0,9
0.4173188210318355x-0.14989159173313932x3,0,0,4,1,0,0,0,0,0,0
-0.9443684908242939x-1.0060368579203915x3,0,0,0,0,0,4,0,0,0,1
0.23810314783231212x-0.8215498256031326x3,0,0,0,0,0,3,0,0,0,0
-1.4059629162678993x-1.5482543228490424x3,0,0,0,0,1,0,0,0,1,0
-0.5900576458695397x0.5319746390071913x3,0,0,0,2,0,0,0,0,7,0
-0.11048940506592783x1.2605688450421493x3,0,0,0,0,0,13,0,8,0,0
-1.6606998118692633x-0.10039350340136602x3,3,0,0,2,4,0,3,6,5,0
0.11514787314009216x-0.4003488150134234x3,1,0,0,0,0,0,0,0,0,0
-0.37914756287992274x-1.4723229284664896x3,0,0,0,0,0,2,1,0,0,0
-1.7423561978092306x0.9132019242521776x3,6,0,0,0,0,0,5,11,10,0
-1.3032427541123157x2.211304333239493x3,0,10,0,0,17,0,0,0,14,0
0.6051200840821667x-1.7974558043668976x3,0,0,1,0,0,1,0,1,0,0
0.895555985551324x-1.0634329381546068x3,0,0,2,0,1,0,4,2,0,0
-0.13190863977996706x-0.6795930425441441x3,0,0,0,0,0,0,0,0,2,1
0.4047618120404975x-0.564317909682489x3,1,0,3,0,0,0,0,2,0,1
0.2238435633129107x0.227345950143481x3,0,4,5,0,0,0,11,0,0,0
0.32962298212773805x1.6142495472802274x3,0,0,0,0,16,14,0,0,0,0
1.285984007080293x1.0085972868601036x3,0,7,11,0,9,0,17,0,0,1
-1.506998398214272x0.5275973827743159x3,0,4,0,0,0,0,4,0,7,0
0.6764607323616232x-0.7239287040586021x3,0,0,0,0,0,0,4,0,0,0
-0.3820089555778202x-1.1196282336804544x3,0,0,0,0,0,0,3,0,0,0
-0.22425893425164034x-0.7967753063063009x3,0,1,0,0,0,0,0,0,0,1
-0.30224973045507003x1.5480668013787386x3,0,10,0,0,16,0,0,8,0,0
-0.37514711666128386x-0.06174330145790107x3,2,0,0,1,0,0,0,0,4,4
-1.226196191783019x-0.4468362536626212x3,0,2,1,0,0,0,0,0,0,0
0.18333919925760125x-0.18375573024999226x3,0,0,0,1,0,0,0,0,0,0
1.6709430327888573x0.8246182196384677x3,3,6,10,6,8,0,0,0,0,0
-0.056133020448757114x-1.3128496745497917x3,0,0,1,0,1,0,2,1,0,0
-0.001385042735095726x1.4148741359224224x3,0,10,0,0,16,12,0,0,0,0
-0.6872990371566635x0.15647625694629896x3,0,0,0,2,0,0,7,0,0,4
-0.11747454641811148x-0.2163439782957261x3,0,3,0,0,0,0,0,4,4,0
0.46616642603403075x0.442846113746739x3,0,0,0,3,0,7,12,0,0,0
-0.3702424407043429x0.21839707312993703x3,4,4,0,0,0,0,9,0,0,0
-0.45380404105200106x-0.34419645646738123x3,1,0,0,0,0,5,5,0,0,0
0.4032645401632468x-0.2527106720416067x3,1,0,0,0,4,0,7,0,3,0
-0.9180047698190454x-0.8688625468659522x3,0,0,1,0,0,0,0,0,0,3
0.2524966270768724x0.6563907508593024x3,5,6,0,0,10,0,0,5,0,0
0.8203217972614217x-0.5319938094111618x3,0,0,3,0,0,0,0,0,2,0
1.3599485416794843x-0.9562584224322828x3,0,0,0,0,0,0,0,0,0,1
-0.09038200727694681x0.16586352265353732x3,0,0,4,1,6,7,0,5,0,0
1.3675972398067135x1.3291412827455533x3,0,0,0,0,11,10,0,0,0,1
1.034409886481518x-0.048344623779819615x3,0,3,0,0,0,0,0,4,0,1
-0.9962126403710662x-0.6081012569516899x3,0,0,1,0,3,0,0,3,0,4
-1.217938511593151x0.4038960208359738x3,4,0,2,3,0,8,0,0,0,0
-0.30496363785442043x1.936712462402552x3,15,0,0,7,0,0,0,0,0,6
1.0289354925948542x-1.4519055294317473x3,0,0,0,0,0,0,1,1,0,0
-0.0722870075600049x0.3822027877852936x3,0,0,5,3,0,0,0,0,0,0
-0.6006575576577885x0.2050866252318538x3,0,0,3,0,0,8,8,0,5,0
1.5522431800485608x1.1615338035591172x3,0,0,0,0,0,0,0,0,0,0
0.2869044880033464x0.9909091736848452x3,0,8,0,0,11,0,0,7,6,0
-2.3205942757907416x-0.18670911180977923x3,0,0,0,0,2,0,1,0,0,8
0.31716062629268876x-1.6845172554248828x3,0,0,0,0,1,0,1,1,0,0
0.5200406145708678x0.8065637678962596x3,0,7,0,5,11,9,0,0,0,0
0.2256086544711038x-0.8351926901914831x3,0,0,0,0,2,0,0,0,0,0
0.44971210023199254x-0.9467404109571895x3,0,0,0,0,2,0,0,0,0,0
-0.06727560892298173x1.1483505806911263x3,0,0,7,0,14,11,0,8,8,3
-1.3183958696447342x-0.9108503776386525x3,1,0,0,0,2,0,2,0,0,0
-0.37070400322045344x1.4028447401002433x3,0,0,0,0,0,13,15,0,0,0
-0.9456157955562914x0.335844721405313x3,5,0,0,3,0,0,0,0,0,0
-0.9327409107943778x0.3191184000862824x3,0,4,0,0,7,0,0,0,0,0
-1.2630683491022754x0.30726478050559103x3,0,0,0,3,6,8,0,0,0,0
0.4524890926396464x-1.6384236257417921x3,0,0,2,0,0,0,0,1,0,0
0.09789614541262709x-1.7763886163465759x3,0,0,0,0,0,0,0,1,0,0
-0.44816536268070806x0.2155530537886848x3,0,0,0,2,0,0,0,0,0,0
-0.6493379277303881x0.5680073592264201x3,0,0,0,2,9,0,0,0,7,0
-0.02342310502145217x0.08261103215620101x3,0,3,0,1,0,7,0,0,4,0
1.0791947281124892x-0.8215345170195275x3,0,0,3,1,1,0,0,0,0,0
-2.004215715498915x0.018922103882194737x3,0,0,0,0,0,4,3,0,0,0
0.37687652085089274x-0.08203415314548415x3,0,3,4,1,0,0,0,0,0,0
-0.5457119740177824x-0.9571580982754103x3,0,0,0,0,2,0,3,0,2,0
-1.8845858449794477x1.0139721541121614x3,0,0,1,5,7,0,0,0,0,13
-1.9457030831639588x-1.7302760615500858x3,0,0,0,0,0,0,0,0,0,0
-0.9127834941352918x0.5887424068075064x3,6,0,0,0,0,8,0,0,0,0
0.21950955579304526x0.3843234052112453x3,4,5,0,2,8,0,0,5,0,0
0.3930629339800916x1.0097118548117143x3,0,0,0,5,11,10,0,0,0,0
-0.9389815726777853x-1.0053118723488588x3,0,0,0,0,2,0,2,2,0,0
1.0170209914132446x0.101407146668211x3,1,0,0,2,0,0,10,4,0,0
1.4229834965161061x2.171164949318166x3,9,0,0,0,0,15,0,0,0,0
0.3960865849565602x0.6620742889997063x3,5,0,6,0,9,7,0,5,0,0
-0.5914026678081108x0.10058120872896319x3,0,4,0,0,0,0,0,0,5,0
1.1244191845103682x0.5391612741141966x3,0,4,0,0,8,7,15,0,0,0
0.7553956956633383x0.08617684238012002x3,0,4,0,0,0,0,0,0,3,0
0.867407411354918x2.19089801323984x3,0,0,0,11,0,0,0,10,0,0
-0.6564636749715315x0.9836361957891795x3,0,0,0,0,0,0,0,8,9,5
-2.8345545052747023x-0.08561495423049709x3,0,0,0,0,0,0,0,0,0,0
2.1167910214836754x0.25233143138452124x3,0,0,7,0,0,0,0,0,0,0
-1.6108784034499337x-0.39079799608101357x3,0,2,0,2,0,0,0,0,0,0
-0.03576807186022113x1.209850126410305x3,0,9,0,0,14,0,17,0,8,3
2.3807453512197503x-1.4061047713910109x3,0,0,1,0,0,0,0,0,0,0
0.330576756274374x-1.604738529860987x3,0,0,0,0,1,0,0,1,0,0
0.9492464735582357x1.4587147496759936x3,0,0,0,0,0,0,0,0,0,0
-1.5023965693817127x2.1531197925705827x3,0,0,3,0,15,0,10,14,13,0
-1.7776669547337063x0.4683049076895917x3,4,0,0,3,0,7,4,0,7,9
-0.5327027919795545x0.11273794123573726x3,0,4,0,2,0,0,8,0,0,0
1.0907497344345x0.6572676903047773x3,0,0,0,0,0,0,0,0,0,0
-0.34624944764730997x-0.6470535263827593x3,0,2,2,0,0,0,0,0,3,0
-0.7946363210714987x0.1712435451522125x3,0,0,0,0,0,7,6,0,0,4
0.19796728994496746x0.03890870585621503x3,2,3,4,0,0,6,0,0,0,0
1.0819352184772653x0.6265642507453606x3,3,0,0,0,0,0,16,0,0,0
-1.4449401990733717x-1.5579985281833963x3,0,0,0,0,0,0,0,0,1,0
-1.2105429941233516x-0.5070347697653375x3,1,0,0,0,0,5,0,0,0,0
-0.7886692545093662x0.8449956030008372x3,6,0,4,0,0,0,10,0,9,0
1.0946383747120914x-0.675593827630063x3,0,0,0,0,0,2,5,0,0,1
0.2348215259487319x-0.9933613754231354x3,0,1,0,0,2,0,0,2,0,1
2.1321534105704436x2.042072149826954x3,0,0,0,12,14,12,0,6,0,0
0.9364457258311158x0.03811800017940036x3,0,3,6,0,0,0,0,0,0,0
-0.03509517686967038x-0.5789181399432078x3,1,0,0,1,3,3,0,0,0,1
1.265077838088766x-1.6923704374741084x3,0,0,0,0,0,1,1,1,0,0
0.21149701273187801x0.7293463462804262x3,5,0,6,4,0,7,0,0,0,0
-0.7049213525074449x0.6991361537186938x3,6,0,3,0,0,0,10,0,8,0
0.6799748442451024x-0.29875960056993595x3,1,0,0,0,5,0,0,0,2,1
-0.6963266538610828x-1.1022301909070906x3,0,0,0,0,0,0,2,0,0,1
-0.29039710080386677x-0.024549423642379036x3,0,3,0,0,0,0,0,5,4,0
1.327782695957983x-0.8358560674816213x3,0,0,0,1,1,0,0,0,0,0
-0.10128148621739935x-0.9420935888731159x3,0,1,0,0,0,0,4,0,0,0
-0.8031413873416283x-0.10321275146170758x3,0,3,0,2,6,0,0,4,0,0
-0.46433769143549164x-1.0513903986600646x3,0,0,0,0,0,0,0,0,2,0
1.021790585588673x0.24664895525244618x3,0,0,6,3,0,0,11,4,3,0
-0.5525406734167292x0.6079925094063973x3,0,0,0,0,0,0,0,0,0,0
-0.38687084685064654x-0.8396324471731914x3,0,1,0,0,0,0,4,1,2,0
-0.5102927396336285x-1.3682450953383907x3,0,0,1,0,1,0,0,0,0,0
0.18392549434030994x1.561279598955807x3,0,0,0,6,0,0,0,0,0,0
-0.3854897603756083x-0.9402702359572048x3,0,1,0,0,0,0,0,0,0,0
-1.601836048972537x-0.6599427051023377x3,0,0,0,0,2,4,0,0,3,4
-0.8871809418450403x0.21301716742988736x3,0,0,0,0,0,7,6,0,6,0
-0.9327890415064383x0.599369372522297x3,0,0,0,4,0,8,0,0,0,0
1.2433193844551549x-0.2563168936896428x3,0,0,5,2,0,0,7,0,0,0
0.8126740421090424x0.46079432770125556x3,3,0,0,0,0,0,0,0,4,0
0.587259379399826x-0.400986157896401x3,0,2,0,0,0,4,0,0,0,0
-0.5053583172644099x-0.9711706648243907x3,0,1,0,0,0,0,0,1,0,0
-0.8157915419939713x1.4263168607870274x3,0,0,0,0,0,0,0,10,0,0
-0.507517601657357x2.488441614331128x3,20,0,0,0,22,0,17,14,13,0
-1.051880102551674x1.6959695330141693x3,0,0,4,7,15,0,0,12,13,9
2.497200391587007x0.14180663915345446x3,0,0,5,0,0,0,8,0,2,0
-2.245321648371402x1.8334353618156785x3,0,0,0,0,0,0,6,0,0,0
0.5640085350738091x0.35570351572398445x3,0,5,6,0,8,0,0,0,0,0
-1.2845522979925272x-0.47728627040322935x3,0,2,0,0,0,0,0,3,0,4
-0.10434349149469264x0.46637957438197886x3,0,5,0,0,9,0,0,0,6,0
-0.9880019424937344x-0.09439250641118496x3,0,0,0,0,0,0,0,0,0,0
-1.1776289624826308x-0.9831181837457077x3,0,0,0,0,2,0,0,3,0,0
-1.1401963009349616x-0.898321971432016x3,0,0,1,0,2,0,2,0,0,0
1.7549861537420586x0.8020517387405159x3,0,0,9,5,7,0,14,0,3,0
-0.13298842230959199x-1.846531981664673x3,0,0,0,0,0,0,0,1,1,0
-0.7657021944780863x0.6041367404426842x3,0,0,0,2,0,0,0,0,0,5
0.555786964082873x-1.6295836027484383x3,0,0,0,0,0,0,0,0,0,0
0.010349314566299353x-2.121176444902436x3,0,0,0,0,0,0,0,0,0,0
0.7200337593416528x-1.8388466037584985x3,0,0,0,0,0,0,1,0,0,0
-1.82425665593783x1.9667639719347398x3,0,7,0,10,12,0,0,0,0,0
0.3036039044620014x-0.196233964943542x3,0,0,0,0,5,5,0,0,0,0
0.7726948371023817x0.08658318016541909x4,0,0,2,2,4,3,0,0,1,0
-1.6615982911145637x1.4192550459109512x4,9,0,0,0,8,0,0,8,8,0
0.44819528442331247x0.9341797484997248x4,6,5,4,0,8,0,0,0,3,0
1.6961815728281606x-1.3915052694042196x4,0,0,0,0,0,0,0,0,0,0
-0.014857703354702717x0.8690063428187611x4,0,0,0,3,0,5,0,0,0,1
0.8214059370248112x0.1841812647035463x4,0,0,0,0,4,0,0,0,0,0
0.6705704503109099x-0.3416780975958806x4,0,0,1,0,0,0,3,2,1,0
-0.7075056975105769x0.024290914137780388x4,0,2,1,0,0,4,3,3,0,0
0.03976673458649517x1.279812020628022x4,0,7,5,4,0,9,11,0,0,0
-1.5669947108616025x-0.8859664820409529x4,0,1,0,0,0,0,0,0,1,1
-0.4513030371025261x0.40088567910412115x4,4,3,0,0,5,0,0,0,0,2
0.2656879749662359x-0.009657236532908346x4,0,0,0,0,0,3,0,0,2,0
0.7231004937377982x-1.7971646153956184x4,0,0,0,0,0,0,0,0,0,0
0.024612125247911617x-0.8022531717308108x4,0,1,0,0,0,1,0,0,1,0
0.7199837301431654x0.19321355323369646x4,0,0,2,0,0,3,0,0,2,0
-1.1029062129553697x1.2973420890928906x4,0,0,2,4,0,0,0,0,6,0
-0.1016972745548716x1.0013310173467296x4,7,0,0,3,10,0,0,5,5,0
0.019279384513077216x0.597212504403425x4,4,4,0,0,0,4,0,0,0,0
1.8495912466796365x-0.8152756611364586x4,0,0,2,1,0,0,3,0,0,0
-0.21416665620008424x1.801213990808535x4,15,0,0,0,0,0,10,9,0,3
-0.4990166379941829x0.21524046763961147x4,0,0,0,0,0,0,5,3,3,0
0.02135122384354861x-1.0063655216785503x4,0,0,0,0,0,0,2,0,0,0
-0.9191134448699437x-0.182904980856951x4,0,2,0,1,0,2,3,3,0,0
0.19275384906521617x0.8962484253561593x4,0,0,3,0,0,7,9,0,0,0
-0.36505521654625767x0.007617498318158107x4,2,0,0,0,0,4,0,2,0,0
-1.7913275480411837x0.886864686582761x4,0,0,0,0,5,0,3,0,0,7
-0.05858655113386085x1.1036939574621503x4,8,0,3,0,0,8,0,0,0,0
-0.31754309393019925x0.40053068459870617x4,4,0,0,0,0,0,0,0,3,2
-1.6324233020679833x-0.857702623046894x4,0,1,0,0,0,0,0,1,0,0
-0.06713415461452177x0.13545466318998053x4,2,2,0,0,4,0,0,0,0,0
1.4893559620744803x0.045165855938831004x4,0,0,0,2,0,0,0,0,1,0
0.5213037482757137x1.8593463338516283x4,13,0,0,0,0,13,14,7,0,0
0.6119271927311578x-1.62632193782683x4,0,0,0,0,0,0,0,0,0,0
-1.3414967255830426x-0.13482245109435406x4,0,1,0,0,0,0,2,0,2,0
0.4768983689222224x-0.5840935467949193x4,0,0,0,0,0,0,3,1,0,0
0.14844958138007808x0.3351056201959989x4,4,0,2,0,4,0,0,0,3,0
0.5290452383344316x-2.437564359199356x4,0,0,0,0,0,0,0,0,0,0
0.42262862170882565x1.11492455949028x4,0,6,0,4,8,0,10,5,0,1
-1.3597807255038137x0.013748487335533657x4,0,0,0,0,4,0,0,3,0,3
-0.04140081155796743x-1.8447011636280461x4,0,0,0,0,0,0,0,0,0,0
-0.757870860425166x-0.3611131347398661x4,1,0,0,0,0,0,3,0,0,0
-0.05008409428482209x0.6089623416545242x4,4,4,0,3,0,4,0,0,0,1
-0.8974009269018305x-1.5914478754580315x4,0,0,0,0,0,0,0,0,0,0
1.3124703671409963x0.003222216443155699x4,0,0,3,0,3,0,6,2,0,0
-0.8589723884443423x-1.05747364780153x4,0,0,0,0,0,1,0,0,0,0
-0.898942156465536x-0.5559850318789673x4,0,0,1,0,0,2,0,0,0,1
0.07458640654355353x0.02673838267463693x4,2,2,0,1,4,0,0,0,2,0
-1.0770990694039948x0.1834502535815763x4,0,0,0,0,4,0,3,3,0,0
-0.4246633024328657x-0.47074249818272723x4,0,0,0,0,1,2,0,0,0,0
-0.8299645975379619x0.27279638953026414x4,0,0,0,2,0,0,0,0,0,0
1.4111720638896117x0.8179776072548057x4,3,5,0,0,0,0,0,0,2,0
0.7858038268311726x-0.2789142751032398x4,0,1,0,0,0,0,3,0,0,0
-0.057469518465394644x1.4315677574492909x4,10,0,0,0,0,9,0,0,0,0
-0.39121705217401626x1.4622141707804195x4,0,0,0,0,0,0,0,7,0,0
0.9409176145751134x-0.42870206558582885x4,0,0,0,0,0,0,0,0,1,0
0.40520408032288807x-0.6378405564735843x4,0,1,0,1,1,1,0,1,0,0
0.4980524046828567x-1.6641729851661735x4,0,0,0,0,0,0,0,0,0,0
-0.026192237344250482x-0.12656933163938985x4,0,0,2,1,0,3,4,2,0,0
-1.6882300277714322x-0.3634377801160514x4,0,0,0,1,1,2,0,0,0,0
-0.11246598255955272x0.7790512201329916x4,0,0,3,0,0,5,8,0,0,0
-0.5324899192090677x-1.5096616060682988x4,0,0,0,0,0,0,0,0,0,0
0.6450552734598769x-0.27739139174310984x4,0,1,0,0,2,0,0,0,0,0
1.011842432994189x0.9687443931111454x4,0,0,0,0,0,0,10,0,0,0
-0.6579510447611686x-0.7303570955579599x4,0,0,0,0,0,1,0,0,0,0
0.46838523427705164x-0.7623615367276093x4,0,0,0,0,1,0,0,1,0,0
1.7358789976857132x-1.4469403347558085x4,0,0,0,0,0,0,0,0,0,0
-0.667712720570559x2.6205738460182393x4,0,0,0,0,0,0,0,11,0,0
1.6819217400731377x-0.7474731780653794x4,0,0,2,1,0,0,0,0,0,0
-0.852585847170647x-1.3003468322183391x4,0,0,0,0,0,0,0,0,0,0
0.022959755607951444x-0.80385040403152x4,0,0,0,0,0,1,0,0,0,0
-0.011145611841841251x-0.7742950804868045x4,0,1,0,0,1,0,0,0,0,0
0.011498899870062375x-0.2693897784512403x4,0,0,0,0,0,0,3,0,0,0
-0.8376780419079453x0.8253722320875148x4,0,4,0,0,0,6,6,5,5,5
-0.5911831037644297x-0.2983231689958337x4,0,1,1,0,0,0,0,0,0,1
-0.6677202863593994x-0.9228233149968279x4,0,0,0,0,0,0,1,0,0,0
0.3269625954044574x-1.4513384981910251x4,0,0,0,0,0,0,0,0,0,0
0.33003511451031164x0.02185735821987137x4,0,2,2,0,0,0,0,2,0,0
2.225944331738259x0.04253907402979072x4,0,0,0,3,0,2,0,1,0,0
1.3709890062911214x1.5309323510288246x4,7,0,8,7,0,0,0,0,0,0
-0.5098432421384791x0.09244773546980858x4,3,0,0,2,0,0,0,0,0,2
0.32486961579618606x-0.09900831128407737x4,0,0,0,0,0,3,5,0,0,0
0.9971179807917595x-1.0506538365874896x4,0,0,0,0,0,0,0,0,0,0
0.030601824338517807x-0.3059525750983919x4,0,1,0,1,0,0,0,0,0,0
-0.06964157844693558x-0.43847445803460605x4,0,1,0,1,0,0,3,0,0,0
0.05157494276988904x-0.37016416451370254x4,1,0,0,0,0,0,3,0,0,0
0.8672766288084278x-0.9592553926405882x4,0,1,1,0,0,0,3,0,0,0
-0.8483205228052325x0.5383296032761768x4,5,0,0,2,0,0,0,4,0,0
-0.32566946882017417x-0.14244541750936937x4,0,2,0,0,0,0,0,0,2,0
0.47043314484648185x-0.2003534800049874x4,1,1,0,0,0,0,0,0,0,0
0.3114470715541555x-1.7140461160489964x4,0,0,0,0,0,0,0,0,0,0
0.23958275985639133x0.4936440875248639x4,0,0,0,0,0,0,0,0,3,0
-0.3698011663038032x0.48701532598037944x4,0,0,0,0,0,0,0,0,4,2
0.9725357891425369x-0.8391294028422137x4,0,1,0,0,0,0,0,1,0,0
2.1338682472045374x0.9901213838791937x4,0,0,0,0,0,0,0,0,0,0
0.4064154936762062x-1.3647582300824324x4,0,0,0,0,0,0,0,0,0,0
-0.1931767015498399x-0.021869908789079875x4,0,0,0,0,0,4,4,0,0,0
0.7557402888945426x-0.2712073398901639x4,0,0,0,0,2,2,0,0,0,0
-0.53913263675299x-1.3171747888057943x4,0,0,0,0,0,0,0,0,0,0
-0.7496903447028966x0.18970261207999575x4,0,0,1,0,4,0,0,3,0,3
0.0328087476137118x1.7025701522417913x4,0,0,0,0,0,11,0,0,0,0
-2.5827966329699446x0.06763423006691976x4,0,0,0,0,0,0,0,0,0,0
-1.1539503636520094x-0.46302175410905094x4,0,0,1,0,0,2,0,0,2,0
-0.34796185592084583x0.44702415688567826x4,0,3,0,0,5,0,0,4,0,0
-1.3533888581477134x0.10571999546715494x4,0,0,1,0,4,0,0,0,0,0
-1.0326431018921296x0.027762131625501486x4,2,0,0,1,0,0,3,0,0,0
-0.4367483374580074x-0.42554221277144805x4,0,1,0,0,1,2,0,0,0,0
-1.6429652935306092x1.4219755592924648x4,9,4,0,6,8,5,4,0,8,0
-0.4060717962598319x0.4563633634807854x4,4,0,2,0,0,0,0,5,0,2
-0.5352701645328445x-0.5286706589354886x4,1,0,0,0,0,0,3,0,0,0
0.025405208385016018x-0.10800383678095793x4,0,0,0,0,0,3,0,0,1,0
1.1541840304940192x-0.7408667042040726x4,0,1,0,0,1,0,3,1,0,0
0.1725044164928659x-0.608291150081495x4,0,0,1,0,1,0,3,0,0,0
0.021062021342063624x-0.640725724190199x4,0,0,0,0,0,0,0,1,0,0
0.09945445703071175x-1.1343115937222275x4,0,0,1,0,0,1,1,0,0,0
0.22739277512112846x0.7772769637679554x4,0,0,0,0,7,6,0,0,0,0
-1.016738648609769x-0.29104146327302577x4,0,1,0,0,0,0,0,0,0,0
-0.11477532477079817x0.5541275783267697x4,0,0,0,3,0,0,0,3,0,1
0.3087512418366131x-0.6701258977272965x4,0,1,1,0,1,0,0,0,0,0
-1.3707599825430605x-0.06036249439233865x4,2,0,0,0,0,0,2,3,0,0
0.8656529228158533x-0.7110405967911112x4,0,1,1,1,0,1,0,1,0,0
1.0813760344581897x0.7196681705373317x4,0,0,0,0,6,0,0,0,0,0
-0.6313759884493888x-0.24841930670503823x4,0,0,1,0,0,2,3,0,0,1
-0.24133779145310455x-0.7308735859513859x4,0,1,0,0,0,1,0,0,1,0
-0.8781903428100731x-1.6417032288097841x4,0,0,0,0,0,0,0,0,0,0
0.6993804835878171x0.2756665493407744x4,3,0,0,2,0,0,0,0,0,0
-1.0612222874459092x-0.7083850523381071x4,0,0,0,0,1,0,1,0,2,1
-0.2224770102429203x-0.015779217120995174x4,0,0,0,0,0,0,0,0,0,0
-0.8589199078076716x-0.4917301080135276x4,0,0,0,0,0,0,3,0,0,0
0.050954277011289496x0.9541895808987649x4,0,6,0,0,0,0,0,0,5,1
-1.794229271489721x0.544144752358008x4,0,0,0,3,0,0,0,0,0,0
1.3264616423656934x0.4472120874548315x4,0,0,0,0,0,0,7,0,0,0
-0.964606424206264x-0.6161211233234792x4,0,1,0,0,0,0,0,0,0,0
0.05989468311627605x0.4662900435501895x4,4,0,0,0,0,0,0,0,0,1
-0.2125230447703092x1.714831608676043x4,0,0,0,0,0,0,10,0,0,3
-0.7621145119224981x-0.832186034150062x4,0,0,1,0,0,0,0,0,0,0
-0.8877801366359354x0.17233913922918878x4,0,0,1,2,0,4,0,3,3,0
0.9363985435524596x-1.649216974417132x4,0,0,0,0,0,0,0,0,0,0
-0.5256405931019397x1.3985620921255355x4,11,0,0,0,0,0,0,0,7,5
0.2711701846373109x-0.3979120985908414x4,1,0,0,0,0,0,0,0,1,0
-0.8014968853943748x0.7825788808419775x4,0,0,0,0,0,6,0,0,0,0
-0.6471814318477607x-1.723228250716323x4,0,0,0,0,0,0,0,0,0,0
0.47224715008784873x1.7975393871259047x4,0,0,0,0,0,0,13,0,0,0
0.9304084961111163x-0.35687152802559846x4,1,0,0,1,1,0,0,0,0,0
-0.17531640232701995x0.5456573234700275x4,4,0,0,2,6,0,0,3,0,0
-1.4219198716404369x0.1508182063325938x4,3,0,0,0,0,3,0,0,0,3
1.9979560797500047x-0.2554707861877694x4,0,1,0,1,0,0,3,0,0,0
-0.8565493082342095x1.6857923026593036x4,0,0,0,5,0,0,0,8,0,0
-1.5415873996717875x-1.6480462063661798x4,0,0,0,0,0,0,0,0,0,0
2.594424587768152x0.29871365999200894x4,0,0,0,0,0,2,0,0,1,1
-0.40403229385093714x0.9106456722299703x4,7,0,3,3,0,6,0,0,5,0
-1.4617326882614081x-0.029856121636366265x4,2,0,0,0,3,2,0,0,0,0
-0.6834397667886818x-0.1181707843665918x4,0,2,1,0,0,0,3,0,0,2
0.36754489602226903x-0.14268771207346503x4,0,0,0,1,3,0,0,0,0,0
0.1903115575939397x-1.227636420410408x4,0,0,0,0,0,0,0,0,0,0
-0.85172919725359x0.03812738409493465x4,0,2,0,1,0,0,3,0,3,0
1.8227236001279594x0.5127175234723987x4,1,0,0,0,0,0,0,0,0,0
-0.5215796779933731x0.06859922748066052x4,0,2,0,0,4,0,0,1,0,0
-1.184686590411552x-0.2722761011450806x4,1,0,0,0,0,0,0,0,0,0
0.9606933984606597x-0.48972502237302673x4,0,0,1,0,0,1,0,1,0,0
1.3290628465396823x-0.27929666927837216x4,0,0,0,0,0,0,0,1,0,0
-0.8174930976162265x1.2577442174960383x4,0,0,0,0,0,0,0,0,7,0
-1.4013472930393105x-2.0866349794205425x4,0,0,0,0,0,0,0,0,0,0
1.0304382674156047x0.040071456547775455x4,0,0,3,0,0,0,6,2,0,0
-2.0473236130579617x-0.32775491729641676x4,0,0,0,0,1,0,0,0,0,0
-1.2266216593966155x1.4558079518368434x4,11,5,2,0,0,0,0,0,8,6
0.967446150050235x0.05549222544380277x4,0,0,0,0,0,0,6,0,1,0
-0.05535254802238957x1.484925598699954x4,0,9,5,0,0,10,0,0,6,2
-0.26393734859268786x-2.123890018045559x4,0,0,0,0,0,0,0,0,0,0
0.35281660649437835x0.4595849048340562x4,0,4,3,0,0,4,0,3,0,0
-0.15277442354540868x0.28005786003768013x4,0,0,0,0,0,4,0,0,0,0
-1.2986867221630902x1.390533967073938x4,11,0,0,0,0,0,0,0,7,0
1.2760753460061875x-1.6413486088230291x4,0,0,0,0,0,0,0,0,0,0
1.3250140528868153x-0.1550358081183258x4,0,0,3,1,0,0,0,1,1,0
0.2053325637779597x0.06606026178649259x4,0,2,0,0,0,0,5,0,0,0
0.045134015432010274x-0.4957954945452093x4,1,0,0,1,1,0,0,0,0,0
2.339624806020058x1.2165777137429403x4,0,0,9,0,0,0,0,0,2,0
-0.2764328450158372x-0.3386821854453976x4,0,1,1,0,0,0,0,0,0,0
-0.25957698183403943x2.0347625440211536x4,0,0,0,0,0,0,0,0,0,3
0.36448124924050557x1.0541779089389227x4,0,0,0,0,8,0,0,5,0,0
1.4713219561423383x0.9508336970037996x4,4,0,0,6,7,0,0,0,0,0
1.5927707544174836x0.5592989813908843x4,0,0,0,3,5,4,8,3,0,0
-0.25857263167677125x-1.063695591025548x4,0,0,1,0,1,0,0,0,0,0
0.30833124595934525x-0.4310963375107571x4,1,0,0,1,0,2,0,2,0,0
-1.3780834670640771x0.5727513668572158x4,0,0,0,0,0,0,0,0,4,0
-0.31197610791621294x0.6775570335877171x4,0,4,0,0,0,0,6,5,0,0
-0.8402903954793065x1.3071838450812574x4,10,5,0,0,0,7,0,0,0,0
-1.0068317522989838x-0.46744100962590635x4,0,1,0,0,1,0,3,0,2,0
1.6815767162673276x-0.8601533849246632x4,0,0,1,1,0,0,0,0,0,0
-0.7922866618061449x0.8591041927855306x4,0,5,0,0,0,0,6,0,6,0
-0.5316059080114549x-0.8096265760401127x4,0,0,0,0,0,0,0,0,2,0
0.3658487879168582x0.8733118360704122x4,0,0,0,4,0,7,0,0,0,0
1.2978252669735855x1.1997361764150378x4,5,0,7,0,8,0,0,0,0,0
0.4811151263888354x0.45615303582705535x4,0,3,0,2,6,0,0,0,0,0
2.759355114021582x-0.3575790319685979x4,0,0,0,0,0,0,0,0,0,0
-0.07466797825114957x0.04108222614387957x4,0,0,0,1,4,0,5,0,3,0
0.25871644022974605x0.5934659196032391x4,0,0,0,0,0,4,0,0,3,0
0.27560067398405635x0.010185518712073464x4,0,2,0,0,0,3,5,2,0,0
1.4350493867891545x2.1982963386704926x4,0,13,0,0,15,14,0,8,0,0
0.5072389511096153x-0.9906709306271492x4,0,1,0,0,1,0,0,0,0,0
-0.1162297003871491x-1.002668587369791x4,0,0,1,0,0,0,2,0,0,0
-0.9474885949068795x-0.9768953867353252x4,0,0,0,0,0,0,0,0,0,0
0.24444345596163258x-0.5895799225452156x4,0,0,0,0,0,0,3,0,0,0
1.4013448312919596x-2.1789315201949093x4,0,0,0,0,0,0,0,0,0,0
-0.4103817936578706x-0.6296504269401813x4,0,0,0,0,1,0,3,0,2,0
0.5289436184165822x-0.653284701927889x4,0,1,0,1,0,1,3,0,0,0
0.24614778868484416x0.07851402517417629x4,0,0,2,0,0,3,0,0,0,0
0.8635196583813146x0.41780058320608143x4,0,3,0,0,4,0,0,0,2,0
-0.8047537406378693x-1.2402163364077703x4,0,0,0,0,1,0,0,0,0,0
2.3466470305265617x0.9000542427640723x4,0,0,0,0,4,4,8,3,2,0
-1.2791611070282582x1.8022422297905472x4,0,7,0,0,0,0,0,0,9,8
-0.3655510899860373x-0.20828510309499634x4,2,0,0,0,0,0,3,0,0,0
0.9380925409056455x1.5743712374755716x4,0,0,7,7,0,0,12,0,0,0
0.29673317249411335x0.19898949440518773x4,0,0,0,0,4,0,0,2,2,0
0.8299861590811032x1.9887319185953911x4,11,11,0,0,15,0,0,0,5,0
-0.49610233398256237x1.1172834656881903x4,0,0,0,0,0,8,0,0,5,5
-0.07480498268034107x-1.5639046348397663x4,0,0,0,0,0,0,0,0,0,0
0.012231983638817386x0.018627370661355457x4,0,0,0,1,4,3,0,0,0,0
1.5692596145359043x1.0543249749040777x4,4,6,7,0,0,0,0,0,0,0
0.690429024383049x0.030546581040616888x4,1,0,2,0,0,0,0,0,0,0
0.7966721083646714x-0.036883530845066945x4,1,0,0,0,0,0,0,2,0,0
-0.6579260925367952x1.269764750314304x4,0,0,0,0,0,8,0,0,7,0
0.9688826385630508x-0.709854182146104x4,0,1,0,0,0,0,0,1,0,0
0.22558166356880352x0.017515613278218337x4,0,0,0,1,0,0,0,2,0,0
1.3891453156779274x0.3236257646091187x4,1,2,0,0,0,0,0,2,0,0
2.014060154918468x-0.33379096035356415x4,0,0,0,0,0,0,3,0,0,0
-0.30676577602700456x-0.020129103877537476x4,2,0,0,1,0,0,0,0,0,0
-0.40630313044506255x0.7750232632241703x4,0,5,0,0,6,0,0,0,0,0
-0.8640449911023695x0.43283762149999394x4,0,3,0,0,0,4,0,0,3,3
-0.14357951171632055x-0.8087175319795337x4,0,0,0,0,0,0,0,0,0,0
-0.3820254489503836x-1.1041239857992617x4,0,1,0,0,0,0,0,0,0,0
0.35950439957101016x-0.7891021802566502x4,0,0,0,0,0,0,0,1,0,0
-0.14456681693373594x0.0012484557884866053x4,0,0,0,0,0,3,4,0,0,0
-0.3615992807816198x-0.15993978775704282x4,0,0,0,0,0,0,0,0,0,0
1.0645851361278518x-0.8319574932171248x4,0,0,0,1,0,0,0,1,0,0
-0.9378802311514517x-0.5981504525164858x4,0,0,0,0,0,0,0,0,0,1
0.43310795315134365x-1.5200392851920637x4,0,0,0,0,0,0,0,0,0,0
-0.4059417271884834x0.41785370321732596x4,4,3,0,2,5,0,5,0,4,2
0.7243685048699644x-0.04001872535163292x4,1,0,0,0,0,2,5,0,0,0
1.3852615467222305x-1.2597873434052702x4,0,0,0,0,0,0,0,0,0,0
-0.3030982534240727x0.02862050418778282x4,2,2,0,1,4,0,0,0,0,1
0.44103290727315136x1.3426220105103532x4,0,8,0,0,0,9,0,0,0,0
0.17879286573317985x-0.7399358529652597x4,0,1,1,0,0,1,0,1,1,0
-0.7994223995430966x1.3151376657209723x4,0,0,0,0,10,8,0,6,7,0
0.24078750974193844x-0.3234574724834238x4,0,0,1,0,0,0,0,0,1,0
0.28912050527881217x0.19782816784986781x4,0,0,0,0,0,0,0,2,0,0
0.4128708204461747x0.09775080242218528x4,0,0,0,1,0,0,0,0,0,0
-0.19839889682004574x1.4015234160052454x4,0,9,0,5,0,0,0,0,0,2
0.09419230031014657x0.1584338467855317x4,0,2,2,0,4,3,5,0,3,0
-1.1476109448431353x-1.1419014192038466x4,0,0,0,0,0,1,0,0,0,0
-0.35811407547985674x-1.3109703704412123x4,0,0,0,0,0,0,0,0,0,0
